{"total_sessions": 0, "total_uptime_minutes": 121.26666666666235, "first_start": "2026-05-09T11:10:53.320975"}